{
  "Description": "Nimm diese Vorlage für dein erstes Plugin", 
  "Name": "Stream Deck Template", 
  "Category": "Templates", 
  "com.elgato.template.action": {
    "Name": "Action", 
    "Tooltip": "Dies ist die einzige 'Action' in diesem Template"
  },
  "Localization": {
    "More info": "Mehr Infos",
    "Message": "Nachricht",
    "Click Me": "Klicke mich",
    "Button": "Taste",
    "More": "Mehr",
    "My name": "Mein Name",
    "My title": "Mein Titel",
    "My message": "Meine Nachricht",
    "My button": "Meine Taste"

  }
}
