{
  "Description": "Use this to create your own plugin", 
  "Name": "Stream Deck Template", 
  "Category": "Templates", 
  "com.elgato.template.action": {
    "Name": "Action", 
    "Tooltip": "This is the only action in this plugin"
  },
  "Localization": {
    "More info": "More info",
    "Message": "Message",
    "Click Me": "Click Me",
    "Button": "Button",
    "More": "More",
    "My name": "My name",
    "My title": "My title",
    "My message": "My message",
    "My button": "My button"
  }
}
